Line,NG%,TotInsp(Lot)
Barrel 4,0.7044644391397978,49453.5688
Nickel,0.00029790549521059616,10841.0
Rack 1,3.853795880505102,9877.3509
